sequence,fitness
MANVEKMSVMVTRQQAAVMREAVEAGEYGTASEIVREAVRDWLAKTELRHDDITRLRQLWDEPKASGRPEPVDFDALRKEARQKLTEVPPNGR,-0.8919467
MARVEKMSVAVTPQQAAVMREAVEAGEYATASEIVREAVRDWLAKRELRHVDIRRLRQLWDEGKASGRPEPVDFDALRKEARQKLTEVPPNGR,-1.3836927
MANVEKMSVAVTPQQAAVMPELVEAGEYATAMEIVREAVRDWLAKRELRHDDIRRLRQLWDEGKAQGRPERVDFDALSKEARQKLTEVPPNGR,-0.52191734
MANVEKMSVAVTPQQATVMREAVEAGEYATASEIVREAVRDWLAKRELRHDDIRRLRQLWDEGKASGRPEPVDFDALRKEARQKLTEVPPNGR,-0.3056456
MANVEKMSVYVTPQQAAVMREAVEAGEYATASEIVREAVRDWLIKRELRHDDIRRLRQLWDEGKASGRPEPVDFDAFRKEARQKLTRVPPNCR,-1.0591137
MANVEKMSVAVTPQQAAVMREAVEAGEYATASEIVREAVRDWLAKRELRHDDIRRLRQLWDEGKASGRPEPVDQDALRKEARQKLTEVPPNGR,0.56707585
MANVEKMSVAVTPQQAAVMREAVEAGEYATASEIVREAVRDWLAKRELRHDDIRRLRQLWDEGKASGRPEPVDFDALRKEARQKLTEVPANGR,0.4990329
MANVEKMSVAVTPQQAAVMREAVEAGEYATASEIVFEAVRDWLAKRELRHDDIRRLRQLWDEGKASGRPEPVDFDMLRKEARQKGTEVPPNGR,1.4042587
MASVEKMSVAVTPQQAAVMREAVEAGEYATASEIVREAVRDWLAKRELRHDDIRRLRQLWDEGKASGDPEPVDFDALRKEARSKLTEVPPNGR,-1.2769979
MANSEKMSVAVTPQQAAVMREAVEAGEYATASEIVREAVRDWLAKRELRHDDIRRLTQLSDEGKASGRPEPVAFDALRKEARQKLTEVPPNGR,-1.5311317
MHNVEKMSVAVTPQQAAVMREAVEAGEYATASEIVREAVRGWLAKRELRHDDIRRLRQLWDEGKASGRPSPVDFDALRKEARQKLTEVPPNGY,-0.79442525
MANVEKMSVAVTPQQAAVMREAVEAGEYATASEIVREAVRDWLAKRELRHDDIRRLRQLWDEGKASGRPEPVDYDALRKEARQKLTEVPPNGR,0.56014484
MANVEKMSSAVDPQQAKNMREAVEAGEYATASEIVREAWRDWLAKRELRHDDIRRPRKLWDEGKASGRPEPVDFDALRKEAQQKLTEVPPNGR,-1.0817279
MANVEKMSVAVRPQQAAVKREAVEAGWYATASEIVREAVRDWLAKRELRHDDIRRGRQLWDEGKAIKRPEPVDFDALRKEARQKLTEVPPNHN,-0.9412247
MANVEKMSVAVTPKQACVMREAKEAGEYATASEIVREAVRDWLAKRELRHDDIRRLRQLWDEGKASGRPEPVDIDALRKEARQKLYEVPPNGR,1.0026847
MANVEKMSVAVTPQQAAVMREAVEAGEYATASEIVREAVRDWLATRELRHWDIRRLRQLNDEGKVSGRPEPVDFDQLVKEARQPLTEVPPNSR,-1.2104998
MHNVEKMSVAVTPQQAAVMREAVEAGEKGTASEIVREAVRDWLAKRELRHDDIRFLRQLWDEGKASGRPEPVDFDALRMEARQKLTEVPPNGR,-0.20761554
MANVEKMSVAVTPQQAAVMREAIEAGEYATASEIVREAVRDWLAPRELRHDDIRRLRQLWDEGKASGRPEPVDFDAFRKEARQKLTEVPPNGR,-1.1176299
MANVEKMSPAVTPQQAAVMRLAVEAGEYATASEIVREAVRDWGAKRELRHDDIRRLRQLWDEGKASGRPEPVDFDALRKEARQKLTEVPPNGR,-0.49271148
MANVEKMSVWVTPQQAAVMREAVEAGEYATASEIVREAMRDWLIKRELRHDDIRRLRQLWDEGKASGRPEPVDFDALRKEARQKLTEVPPNGR,-1.091066
PIIKCECKEYCDHSCCSKMCMDMCCICSSCYHEMKECSWDSCEKKMCIHEIISDKIIEEIICICIIHIECICCCIEICCICCICPIPITEIES,-4.391048
ICSSEYHCCHCICSECIICICMCSCEMIICIDCIISIHEWCPCSCKIEICSWSIPCVICKCCIIIMYISYIYCICSCICSVSYIIYCCITICE,-6.5027075
SKCICKKSHEHCMCCCIDSKTIEICSEIIDKKSKICIPSISIVCICSCIDPHHIKHKYVHMSCEICISKCTESCETKVICISEHCVECCMPHE,-5.41314
CKKCCCSICEDIDMSCCCMMSSSMCSSPHTSIVMSEIDIVCHDHPPECKIHIIEKIIYKIKTKIIIYIEKECIKMSSCEEVCSCCCCKVCHIS,-6.049937
SICICKKIDKIDSIMCICICHEIMCHCCCDEIKEYIIYSCCCCHCEEIHSSCISHYESCEIIKECVCYCCISCSISIIICIIECKCEYKVTVM,-5.871137
CICCKCDISCCMCKCSIISCCEEMDKIDCISKSEEVECSSCICIDIHDIVSIIHIHSPKICIIIEHICCICKCCYICICIIKCMCCVIICTNT,-6.706859
KSCSKCEKCCCCCIKKTIISCCDEMCISIEVIFMVSEDIYIHICECSSYHIIHCCTIIYSIETKEEKESIVKICPKISCICCKIIIDETIYEC,-6.3115516
SSSCCSIICCCKEDIKEEMCIMCSDEHIECMDCMCIIEISEDSHISMICICIYSCCPHYCHIIKEEYCCTCIIEICCIICSCIEICVYCECIK,-4.656359
IHCKKCCEDSHCMCMCMCMEEHKSKCCCSCEIDICICCDCCISCIICIPYCHCCIIHYPIHYCCIPICCIKICEEIHCCICCCCIYKIIYECE,-4.4020314
ECKKCKKCSHICICDIHCYECMCMCECDCCVIHSCIEWSKIIHMDIICCYHICHCIEDIKICCPCIPEIKYIPIIEIIILSSIYCESICKMDH,-7.0723596
KEEMCKCMCMSCICCCCIVICSCHSISIEIHVIKECSIVKCKVSICCCKECHSIYHHISKHSIIECSYICVKSCCEKCVPCEKIKICIYHEHC,-7.4886856
KKISPCKCCSDMCMTEIKMCSCCCSCSHMKSVMCCSISMSSSDICCCIDIIVHHSCKWMPCECTIICCCCPIICICIICIYVYCIYCCTCYHY,-6.4163365
ISSCCCKDCCCICCSSKDHDISKMCIHHEHYMMCIICYECIECISMSIIIYIHIVEDIICVCHCEISCCTENCICIIMMCECCCKCCSVIVMS,-6.362559
CCSEKKIECSCKICCCMMSEIHKCIHDECICSIVCCCCPIINSEPIICCICIVCSICIKCIKCCSCIICCHIEIIYEICKIVTTWTYCVSHEL,-7.0207524
SSEKCHKCIDHCECCDCIKIESDHSMSSDCIYSIHSIEWSEECSCCCEIEICYHIIISCIISIICIIEICICKECCEICCYSICCPHPCTCEM,-6.208591
ICSCIHCCEICSSCEICSCCDMCKMDMECKKESVSSEIECCEVYTIMMKEIKHCIKKCIHEICESCCEICCIKECIKIECCIYCCHIYDHMHV,-5.147511
EEMKHCCECCMEIIKMCHSDISSMESSMCCDCVIHKHIESCIPCIKCIKTCSSCIYEICEPIIKTCIEICKISEEPTIVCTKCIEIFYYITHK,-4.6602626
ICCCCYHESCEYDMCSCMSDHCMHSISMHHCESHHCCIMMIEDKCIVIKIHMEIICIICEICIISICISIIEEICSCICEIEECCEHCKTHSY,-4.318314
KVHCCECKCICKEKHSCMIHCCCSECEIDIHHCCCEPCISMEVCHMMDEETIIVICKYCIMPCICSPEICYSESICICTCICMCKSIKVTHES,-3.6848454
IPIKKCCICCICDHCCCIIMCMMMIDSIECISEITIHCYHSICISISIIVICYPIISCICIIIKEEMSITCEICCCSISIYTIKSIHYIVEEH,-6.7189007
PIIKCECKEYCDHSCCSKMCMDMCCICSSCYHEMKECSWDSCEKKMCIHEIISDKIIEEIICICIIHIECICCCIEICCICCICPIPITEIES,-4.391048
ICSSEYHCCHCICSECIICICMCSCEMIICIDCIISIHEWCPCSCKIEICSWSIPCVICKCCIIIMYISYIYCICSCICSVSYIIYCCITICE,-6.5027075
SKCICKKSHEHCMCCCIDSKTIEICSEIIDKKSKICIPSISIVCICSCIDPHHIKHKYVHMSCEICISKCTESCETKVICISEHCVECCMPHE,-5.41314
CKKCCCSICEDIDMSCCCMMSSSMCSSPHTSIVMSEIDIVCHDHPPECKIHIIEKIIYKIKTKIIIYIEKECIKMSSCEEVCSCCCCKVCHIS,-6.049937
SICICKKIDKIDSIMCICICHEIMCHCCCDEIKEYIIYSCCCCHCEEIHSSCISHYESCEIIKECVCYCCISCSISIIICIIECKCEYKVTVM,-5.871137
CICCKCDISCCMCKCSIISCCEEMDKIDCISKSEEVECSSCICIDIHDIVSIIHIHSPKICIIIEHICCICKCCYICICIIKCMCCVIICTNT,-6.706859
KSCSKCEKCCCCCIKKTIISCCDEMCISIEVIFMVSEDIYIHICECSSYHIIHCCTIIYSIETKEEKESIVKICPKISCICCKIIIDETIYEC,-6.3115516
SSSCCSIICCCKEDIKEEMCIMCSDEHIECMDCMCIIEISEDSHISMICICIYSCCPHYCHIIKEEYCCTCIIEICCIICSCIEICVYCECIK,-4.656359
IHCKKCCEDSHCMCMCMCMEEHKSKCCCSCEIDICICCDCCISCIICIPYCHCCIIHYPIHYCCIPICCIKICEEIHCCICCCCIYKIIYECE,-4.4020314
ECKKCKKCSHICICDIHCYECMCMCECDCCVIHSCIEWSKIIHMDIICCYHICHCIEDIKICCPCIPEIKYIPIIEIIILSSIYCESICKMDH,-7.0723596
KEEMCKCMCMSCICCCCIVICSCHSISIEIHVIKECSIVKCKVSICCCKECHSIYHHISKHSIIECSYICVKSCCEKCVPCEKIKICIYHEHC,-7.4886856
KKISPCKCCSDMCMTEIKMCSCCCSCSHMKSVMCCSISMSSSDICCCIDIIVHHSCKWMPCECTIICCCCPIICICIICIYVYCIYCCTCYHY,-6.4163365
ISSCCCKDCCCICCSSKDHDISKMCIHHEHYMMCIICYECIECISMSIIIYIHIVEDIICVCHCEISCCTENCICIIMMCECCCKCCSVIVMS,-6.362559
CCSEKKIECSCKICCCMMSEIHKCIHDECICSIVCCCCPIINSEPIICCICIVCSICIKCIKCCSCIICCHIEIIYEICKIVTTWTYCVSHEL,-7.0207524
SSEKCHKCIDHCECCDCIKIESDHSMSSDCIYSIHSIEWSEECSCCCEIEICYHIIISCIISIICIIEICICKECCEICCYSICCPHPCTCEM,-6.208591
ICSCIHCCEICSSCEICSCCDMCKMDMECKKESVSSEIECCEVYTIMMKEIKHCIKKCIHEICESCCEICCIKECIKIECCIYCCHIYDHMHV,-5.147511
EEMKHCCECCMEIIKMCHSDISSMESSMCCDCVIHKHIESCIPCIKCIKTCSSCIYEICEPIIKTCIEICKISEEPTIVCTKCIEIFYYITHK,-4.6602626
ICCCCYHESCEYDMCSCMSDHCMHSISMHHCESHHCCIMMIEDKCIVIKIHMEIICIICEICIISICISIIEEICSCICEIEECCEHCKTHSY,-4.318314
KVHCCECKCICKEKHSCMIHCCCSECEIDIHHCCCEPCISMEVCHMMDEETIIVICKYCIMPCICSPEICYSESICICTCICMCKSIKVTHES,-3.6848454
IPIKKCCICCICDHCCCIIMCMMMIDSIECISEITIHCYHSICISISIIVICYPIISCICIIIKEEMSITCEICCCSISIYTIKSIHYIVEEH,-6.7189007
PIIKCECKEYCDHSCCSKMCMDMCCICSSCYHEMKECSWDSCEKKMCIHEIISDKIIEEIICICIIHIECICCCIEICCICCICPIPITEIES,-4.391048
ICSSEYHCCHCICSECIICICMCSCEMIICIDCIISIHEWCPCSCKIEICSWSIPCVICKCCIIIMYISYIYCICSCICSVSYIIYCCITICE,-6.5027075
SKCICKKSHEHCMCCCIDSKTIEICSEIIDKKSKICIPSISIVCICSCIDPHHIKHKYVHMSCEICISKCTESCETKVICISEHCVECCMPHE,-5.41314
CKKCCCSICEDIDMSCCCMMSSSMCSSPHTSIVMSEIDIVCHDHPPECKIHIIEKIIYKIKTKIIIYIEKECIKMSSCEEVCSCCCCKVCHIS,-6.049937
SICICKKIDKIDSIMCICICHEIMCHCCCDEIKEYIIYSCCCCHCEEIHSSCISHYESCEIIKECVCYCCISCSISIIICIIECKCEYKVTVM,-5.871137
CICCKCDISCCMCKCSIISCCEEMDKIDCISKSEEVECSSCICIDIHDIVSIIHIHSPKICIIIEHICCICKCCYICICIIKCMCCVIICTNT,-6.706859
KSCSKCEKCCCCCIKKTIISCCDEMCISIEVIFMVSEDIYIHICECSSYHIIHCCTIIYSIETKEEKESIVKICPKISCICCKIIIDETIYEC,-6.3115516
SSSCCSIICCCKEDIKEEMCIMCSDEHIECMDCMCIIEISEDSHISMICICIYSCCPHYCHIIKEEYCCTCIIEICCIICSCIEICVYCECIK,-4.656359
IHCKKCCEDSHCMCMCMCMEEHKSKCCCSCEIDICICCDCCISCIICIPYCHCCIIHYPIHYCCIPICCIKICEEIHCCICCCCIYKIIYECE,-4.4020314
ECKKCKKCSHICICDIHCYECMCMCECDCCVIHSCIEWSKIIHMDIICCYHICHCIEDIKICCPCIPEIKYIPIIEIIILSSIYCESICKMDH,-7.0723596
KEEMCKCMCMSCICCCCIVICSCHSISIEIHVIKECSIVKCKVSICCCKECHSIYHHISKHSIIECSYICVKSCCEKCVPCEKIKICIYHEHC,-7.4886856
KKISPCKCCSDMCMTEIKMCSCCCSCSHMKSVMCCSISMSSSDICCCIDIIVHHSCKWMPCECTIICCCCPIICICIICIYVYCIYCCTCYHY,-6.4163365
ISSCCCKDCCCICCSSKDHDISKMCIHHEHYMMCIICYECIECISMSIIIYIHIVEDIICVCHCEISCCTENCICIIMMCECCCKCCSVIVMS,-6.362559
CCSEKKIECSCKICCCMMSEIHKCIHDECICSIVCCCCPIINSEPIICCICIVCSICIKCIKCCSCIICCHIEIIYEICKIVTTWTYCVSHEL,-7.0207524
SSEKCHKCIDHCECCDCIKIESDHSMSSDCIYSIHSIEWSEECSCCCEIEICYHIIISCIISIICIIEICICKECCEICCYSICCPHPCTCEM,-6.208591
ICSCIHCCEICSSCEICSCCDMCKMDMECKKESVSSEIECCEVYTIMMKEIKHCIKKCIHEICESCCEICCIKECIKIECCIYCCHIYDHMHV,-5.147511
EEMKHCCECCMEIIKMCHSDISSMESSMCCDCVIHKHIESCIPCIKCIKTCSSCIYEICEPIIKTCIEICKISEEPTIVCTKCIEIFYYITHK,-4.6602626
ICCCCYHESCEYDMCSCMSDHCMHSISMHHCESHHCCIMMIEDKCIVIKIHMEIICIICEICIISICISIIEEICSCICEIEECCEHCKTHSY,-4.318314
KVHCCECKCICKEKHSCMIHCCCSECEIDIHHCCCEPCISMEVCHMMDEETIIVICKYCIMPCICSPEICYSESICICTCICMCKSIKVTHES,-3.6848454
IPIKKCCICCICDHCCCIIMCMMMIDSIECISEITIHCYHSICISISIIVICYPIISCICIIIKEEMSITCEICCCSISIYTIKSIHYIVEEH,-6.7189007
PIIKCECKEYCDHSCCSKMCMDMCCICSSCYHEMKECSWDSCEKKMCIHEIISDKIIEEIICICIIHIECICCCIEICCICCICPIPITEIES,-4.391048
ICSSEYHCCHCICSECIICICMCSCEMIICIDCIISIHEWCPCSCKIEICSWSIPCVICKCCIIIMYISYIYCICSCICSVSYIIYCCITICE,-6.5027075
SKCICKKSHEHCMCCCIDSKTIEICSEIIDKKSKICIPSISIVCICSCIDPHHIKHKYVHMSCEICISKCTESCETKVICISEHCVECCMPHE,-5.41314
CKKCCCSICEDIDMSCCCMMSSSMCSSPHTSIVMSEIDIVCHDHPPECKIHIIEKIIYKIKTKIIIYIEKECIKMSSCEEVCSCCCCKVCHIS,-6.049937
SICICKKIDKIDSIMCICICHEIMCHCCCDEIKEYIIYSCCCCHCEEIHSSCISHYESCEIIKECVCYCCISCSISIIICIIECKCEYKVTVM,-5.871137
CICCKCDISCCMCKCSIISCCEEMDKIDCISKSEEVECSSCICIDIHDIVSIIHIHSPKICIIIEHICCICKCCYICICIIKCMCCVIICTNT,-6.706859
KSCSKCEKCCCCCIKKTIISCCDEMCISIEVIFMVSEDIYIHICECSSYHIIHCCTIIYSIETKEEKESIVKICPKISCICCKIIIDETIYEC,-6.3115516
SSSCCSIICCCKEDIKEEMCIMCSDEHIECMDCMCIIEISEDSHISMICICIYSCCPHYCHIIKEEYCCTCIIEICCIICSCIEICVYCECIK,-4.656359
IHCKKCCEDSHCMCMCMCMEEHKSKCCCSCEIDICICCDCCISCIICIPYCHCCIIHYPIHYCCIPICCIKICEEIHCCICCCCIYKIIYECE,-4.4020314
ECKKCKKCSHICICDIHCYECMCMCECDCCVIHSCIEWSKIIHMDIICCYHICHCIEDIKICCPCIPEIKYIPIIEIIILSSIYCESICKMDH,-7.0723596
KEEMCKCMCMSCICCCCIVICSCHSISIEIHVIKECSIVKCKVSICCCKECHSIYHHISKHSIIECSYICVKSCCEKCVPCEKIKICIYHEHC,-7.4886856
KKISPCKCCSDMCMTEIKMCSCCCSCSHMKSVMCCSISMSSSDICCCIDIIVHHSCKWMPCECTIICCCCPIICICIICIYVYCIYCCTCYHY,-6.4163365
ISSCCCKDCCCICCSSKDHDISKMCIHHEHYMMCIICYECIECISMSIIIYIHIVEDIICVCHCEISCCTENCICIIMMCECCCKCCSVIVMS,-6.362559
CCSEKKIECSCKICCCMMSEIHKCIHDECICSIVCCCCPIINSEPIICCICIVCSICIKCIKCCSCIICCHIEIIYEICKIVTTWTYCVSHEL,-7.0207524
SSEKCHKCIDHCECCDCIKIESDHSMSSDCIYSIHSIEWSEECSCCCEIEICYHIIISCIISIICIIEICICKECCEICCYSICCPHPCTCEM,-6.208591
ICSCIHCCEICSSCEICSCCDMCKMDMECKKESVSSEIECCEVYTIMMKEIKHCIKKCIHEICESCCEICCIKECIKIECCIYCCHIYDHMHV,-5.147511
EEMKHCCECCMEIIKMCHSDISSMESSMCCDCVIHKHIESCIPCIKCIKTCSSCIYEICEPIIKTCIEICKISEEPTIVCTKCIEIFYYITHK,-4.651319
ICCCCYHESCEYDMCSCMSDHCMHSISMHHCESHHCCIMMIEDKCIVIKIHMEIICIICEICIISICISIIEEICSCICEIEECCEHCKTHSY,-4.3237586
KVHCCECKCICKEKHSCMIHCCCSECEIDIHHCCCEPCISMEVCHMMDEETIIVICKYCIMPCICSPEICYSESICICTCICMCKSIKVTHES,-3.68426
IPIKKCCICCICDHCCCIIMCMMMIDSIECISEITIHCYHSICISISIIVICYPIISCICIIIKEEMSITCEICCCSISIYTIKSIHYIVEEH,-6.7193346
